{
	"id": "b094dd47-71e0-4d19-9808-d4187a619983",
	"name": "OpenMarket-Local",
	"values": [
		{
			"key": "url",
			"value": "http://localhost/api",
			"type": "default",
			"enabled": true
		},
		{
			"key": "accessToken",
			"value": "",
			"type": "any",
			"enabled": true
		},
		{
			"key": "refreshToken",
			"value": "",
			"type": "any",
			"enabled": true
		}
	],
	"_postman_variable_scope": "environment",
	"_postman_exported_at": "2024-02-14T12:29:26.414Z",
	"_postman_exported_using": "Postman/10.22.2"
}