{
	"id": "1f855d63-f1d7-471a-b80d-87f566010621",
	"name": "OpenMarket-Prod",
	"values": [
		{
			"key": "url",
			"value": "https://market-lion.koyeb.app/api",
			"type": "default",
			"enabled": true
		},
		{
			"key": "accessToken",
			"value": "",
			"type": "any",
			"enabled": true
		},
		{
			"key": "refreshToken",
			"value": "",
			"type": "any",
			"enabled": true
		}
	],
	"_postman_variable_scope": "environment",
	"_postman_exported_at": "2024-02-14T12:29:17.959Z",
	"_postman_exported_using": "Postman/10.22.2"
}